﻿Designator,Footprint,Quantity,Value,LCSC Part #
"D1, D10, D11, D12, D13, D14, D15, D16, D17, D18, D19, D2, D20, D21, D22, D23, D24, D25, D26, D27, D28, D29, D3, D30, D31, D32, D33, D34, D35, D4, D5, D6, D7, D8, D9",Diode_DO-35,35,Diode,
"S1, S2, S3",MX_PCB_1.25u,3,Keyswitch,
"S10, S11, S12, S13, S14, S15, S16, S17, S19, S20, S21, S22, S23, S24, S25, S26, S27, S28, S29, S30, S31, S32, S33, S34, S35, S4, S5, S6, S7, S8, S9",MX_PCB_1.00u,31,Keyswitch,
S18,MX_PCB_6.25u,1,Keyswitch,
U1,Arduino_Pro_Micro,1,Arduino_Pro_Micro,
